char,star,item1,num1,item2,num2,item3,num3,item4,num4,time
W,6,固源岩,12,糖,5,双极纳米片,4,酮阵列,7,2020-05-01
乌尔比安,6,糖,10,固源岩,6,晶体电子单元,4,切削原液,2,2024-06-05
仇白,6,酮凝集,7,糖,4,晶体电子单元,3,三水锰矿,6,2023-02-14
令,6,聚酸酯,10,酮凝集,3,D32钢,4,晶体电路,5,2022-01-25
伊内丝,6,固源岩,12,装置,3,聚合剂,4,晶体电路,4,2023-04-06
伊芙利特,6,聚酸酯,8,固源岩,8,D32钢,4,聚酸酯块,7,2019-04-30
伺夜,6,固源岩,11,异铁,5,晶体电子单元,3,改量装置,4,2022-11-01
佩佩,6,异铁,7,聚酸酯,4,D32钢,4,固化纤维板,5,2024-08-01
假日威龙陈,6,聚酸酯,8,糖,6,双极纳米片,4,炽合金块,6,2021-08-03
傀影,6,酮凝集,7,固源岩,7,聚合剂,4,聚合凝胶,9,2020-04-21
凯尔希,6,糖,8,酮凝集,5,晶体电子单元,4,改量装置,4,2021-05-01
刻俄柏,6,异铁,8,装置,3,双极纳米片,4,炽合金块,5,2020-02-25
卡涅利安,6,装置,5,聚酸酯,5,D32钢,4,RMA70-24,7,2021-06-01
史尔特尔,6,固源岩,12,酮凝集,4,聚合剂,4,酮阵列,5,2020-09-24
号角,6,固源岩,12,糖,5,D32钢,4,异铁块,7,2022-04-14
圣约送葬人,6,酮凝集,7,异铁,4,烧结核凝晶,3,聚合凝胶,7,2023-06-08
塑心,6,酮凝集,7,固源岩,7,聚合剂,4,RMA70-24,5,2023-11-01
塞雷娅,6,糖,8,酮凝集,5,双极纳米片,4,三水锰矿,5,2019-04-30
夕,6,装置,6,异铁,3,晶体电子单元,4,三水锰矿,6,2021-02-05
多萝西,6,装置,5,固源岩,7,聚合剂,4,切削原液,8,2022-07-05
夜莺,6,装置,6,异铁,3,D32钢,4,酮阵列,6,2019-04-30
妮芙,6,聚酸酯,8,糖,6,聚合剂,4,改量装置,5,2024-07-09
娜仁图亚,6,酮凝集,7,异铁,4,双极纳米片,4,聚合凝胶,7,2024-08-01
安洁莉娜,6,酮凝集,7,糖,4,双极纳米片,4,糖聚块,5,2019-04-30
山,6,聚酸酯,8,固源岩,8,晶体电子单元,4,聚合凝胶,8,2020-12-17
嵯峨,6,酮凝集,6,聚酸酯,5,双极纳米片,4,炽合金块,6,2021-02-05
左乐,6,酮凝集,7,装置,3,聚合剂,4,白马醇,8,2024-02-01
帕拉斯,6,固源岩,12,装置,3,晶体电子单元,4,白马醇,6,2021-07-02
年,6,固源岩,12,聚酸酯,5,聚合剂,4,炽合金块,7,2020-01-16
异客,6,异铁,8,固源岩,5,双极纳米片,4,异铁块,5,2021-04-15
归溟幽灵鲨,6,糖,8,聚酸酯,5,聚合剂,4,酮阵列,6,2022-05-01
推进之王,6,糖,9,装置,3,双极纳米片,4,提纯源岩,6,2019-04-30
提丰,6,装置,5,酮凝集,4,聚合剂,4,精炼溶剂,7,2023-07-06
斥罪,6,装置,6,异铁,3,D32钢,4,白马醇,8,2022-11-01
斯卡蒂,6,装置,5,聚酸酯,5,D32钢,4,提纯源岩,9,2019-05-30
早露,6,糖,8,聚酸酯,5,双极纳米片,4,改量装置,6,2020-06-18
星熊,6,固源岩,11,异铁,5,聚合剂,4,五水研磨石,5,2019-04-30
林,6,异铁,8,固源岩,5,D32钢,4,切削原液,8,2023-01-17
棘刺,6,异铁,8,酮凝集,3,聚合剂,4,异铁块,6,2020-08-11
森蚺,6,酮凝集,7,装置,3,双极纳米片,4,聚合凝胶,7,2020-08-25
歌蕾蒂娅,6,酮凝集,7,糖,4,晶体电子单元,4,聚合凝胶,6,2021-05-01
止颂,6,固源岩,12,糖,5,晶体电子单元,4,环烃预制体,5,2023-11-01
水月,6,糖,10,固源岩,6,聚合剂,4,晶体电路,6,2021-08-03
泥岩,6,固源岩,12,酮凝集,4,晶体电子单元,4,炽合金块,5,2020-11-01
流明,6,异铁,8,酮凝集,3,晶体电子单元,4,改量装置,5,2022-05-01
浊心斯卡蒂,6,聚酸酯,8,装置,3,聚合剂,4,五水研磨石,5,2021-05-01
涤火杰西卡,6,聚酸酯,10,酮凝集,3,晶体电子单元,4,改量装置,4,2023-09-05
淬羽赫默,6,异铁,7,聚酸酯,4,晶体电子单元,3,RMA70-24,6,2023-05-01
温蒂,6,装置,6,糖,4,D32钢,4,三水锰矿,6,2020-05-01
澄闪,6,酮凝集,7,固源岩,7,双极纳米片,4,三水锰矿,5,2022-02-15
灰烬,6,固源岩,11,异铁,5,D32钢,4,聚合凝胶,6,2021-03-09
灵知,6,糖,8,异铁,5,晶体电子单元,3,炽合金块,7,2021-12-21
焰尾,6,固源岩,12,聚酸酯,5,双极纳米片,4,提纯源岩,9,2021-11-01
焰影苇草,6,糖,8,酮凝集,5,烧结核凝晶,3,提纯源岩,9,2022-12-15
煌,6,装置,5,酮凝集,4,D32钢,4,改量装置,6,2019-12-24
玛恩纳,6,聚酸酯,8,固源岩,8,D32钢,4,炽合金块,5,2022-09-08
玛露西尔,6,装置,5,酮凝集,4,烧结核凝晶,4,五水研磨石,2,2024-09-02
琳琅诗怀雅,6,糖,8,异铁,5,D32钢,4,白马醇,6,2023-08-01
琴柳,6,异铁,7,聚酸酯,4,晶体电子单元,4,精炼溶剂,6,2021-09-17
瑕光,6,装置,5,固源岩,7,D32钢,4,RMA70-24,7,2020-10-15
白铁,6,异铁,7,糖,5,聚合剂,4,精炼溶剂,6,2022-10-11
百炼嘉维尔,6,固源岩,12,酮凝集,4,双极纳米片,4,聚合凝胶,6,2022-08-11
空弦,6,异铁,7,糖,5,聚合剂,4,提纯源岩,8,2021-01-05
纯烬艾雅法拉,6,固源岩,12,聚酸酯,5,双极纳米片,4,异铁块,5,2023-08-01
维什戴尔,6,糖,9,装置,3,晶体电子单元,3,改量装置,6,2024-05-01
维娜·维多利亚,6,固源岩,12,聚酸酯,5,晶体电子单元,4,提纯源岩,2,2024-10-09
缄默德克萨斯,6,酮凝集,6,聚酸酯,5,双极纳米片,4,异铁块,7,2022-11-01
缪尔赛思,6,糖,10,固源岩,6,双极纳米片,4,五水研磨石,5,2023-05-01
耀骑士临光,6,装置,5,酮凝集,4,聚合剂,4,聚合凝胶,8,2021-11-01
老鲤,6,异铁,8,装置,3,聚合剂,4,白马醇,9,2022-01-25
能天使,6,固源岩,12,酮凝集,4,聚合剂,4,糖聚块,5,2019-04-30
艾拉,6,装置,5,固源岩,7,双极纳米片,4,异铁块,7,2024-03-07
艾雅法拉,6,异铁,7,糖,5,聚合剂,4,改量装置,5,2019-04-30
莫斯提马,6,酮凝集,7,异铁,4,双极纳米片,4,五水研磨石,7,2019-11-19
莱伊,6,聚酸酯,8,异铁,4,双极纳米片,4,提纯源岩,8,2024-01-09
菲亚梅塔,6,装置,6,糖,4,晶体电子单元,3,五水研磨石,6,2022-03-15
薇薇安娜,6,装置,6,糖,4,D32钢,4,聚合凝胶,8,2023-11-01
赫德雷,6,聚酸酯,10,酮凝集,3,晶体电子单元,4,转质盐聚块,6,2023-10-08
赫拉格,6,糖,10,固源岩,6,双极纳米片,4,聚酸酯块,7,2019-09-10
远牙,6,酮凝集,7,异铁,4,D32钢,4,切削原液,7,2021-10-15
迷迭香,6,糖,9,装置,3,D32钢,4,酮阵列,5,2020-11-01
逻各斯,6,聚酸酯,8,固源岩,8,烧结核凝晶,4,白马醇,6,2024-05-01
重岳,6,聚酸酯,8,装置,3,聚合剂,4,炽合金块,5,2023-01-17
铃兰,6,聚酸酯,8,异铁,4,D32钢,4,五水研磨石,8,2020-07-09
银灰,6,聚酸酯,8,装置,3,D32钢,4,白马醇,6,2019-04-30
锏,6,糖,8,聚酸酯,5,烧结核凝晶,3,五水研磨石,7,2023-12-05
闪灵,6,酮凝集,6,聚酸酯,5,双极纳米片,4,异铁块,5,2019-04-30
阿,6,糖,8,异铁,5,D32钢,4,聚合凝胶,7,2020-01-16
阿斯卡纶,6,固源岩,12,酮凝集,4,D32钢,4,酮阵列,6,2024-04-11
陈,6,固源岩,12,装置,3,聚合剂,4,白马醇,6,2019-07-09
霍尔海雅,6,聚酸酯,8,糖,6,D32钢,4,转质盐聚块,7,2023-05-01
风笛,6,聚酸酯,10,酮凝集,3,聚合剂,4,提纯源岩,9,2020-03-17
魔王,6,异铁,7,糖,5,聚合剂,4,三水锰矿,6,2024-05-01
鸿雪,6,糖,9,装置,3,晶体电子单元,3,提纯源岩,9,2022-08-11
麒麟R夜刀,6,装置,5,聚酸酯,5,烧结核凝晶,3,酮阵列,6,2023-03-07
麦哲伦,6,异铁,7,聚酸酯,4,聚合剂,4,三水锰矿,6,2019-10-15
黍,6,异铁,8,酮凝集,3,晶体电子单元,3,切削原液,6,2024-02-01
黑,6,聚酸酯,8,糖,6,D32钢,4,异铁块,5,2019-08-27
黑键,6,酮凝集,7,装置,3,D32钢,4,精炼溶剂,7,2022-06-09
万顷,5,装置,4,异铁,4,切削原液,9,凝胶,9,2024-02-01
临光,5,装置,3,聚酸酯,3,白马醇,9,聚酸酯组,16,2019-04-30
乌有,5,装置,3,固源岩,4,改量装置,6,轻锰矿,10,2021-02-05
九色鹿,5,固源岩,6,聚酸酯,3,三水锰矿,7,晶体元件,14,2022-01-10
亚叶,5,聚酸酯,5,酮凝集,2,酮阵列,8,全新装置,8,2020-07-09
但书,5,装置,4,异铁,4,异铁块,7,轻锰矿,12,2022-09-08
冰酿,5,异铁,4,酮凝集,2,RMA70-24,8,异铁组,10,2023-09-05
凛冬,5,糖,4,聚酸酯,3,糖聚块,7,RMA70-12,11,2019-04-30
凛视,5,装置,3,糖,3,提纯源岩,10,全新装置,7,2023-07-13
凯瑟琳,5,装置,3,固源岩,4,改量装置,6,糖组,13,2024-10-09
初雪,5,糖,4,异铁,3,酮阵列,7,研磨石,11,2019-04-30
刺玫,5,酮凝集,4,装置,2,酮阵列,5,研磨石,13,2023-10-08
医生,5,聚酸酯,5,装置,2,聚合凝胶,8,全新装置,11,2024-03-07
华法琳,5,酮凝集,4,糖,2,改量装置,5,糖组,17,2019-04-30
卡夫卡,5,糖,4,聚酸酯,3,聚合凝胶,8,异铁组,15,2020-12-17
历阵锐枪芬,5,固源岩,7,装置,2,提纯源岩,6,RMA70-12,12,2024-05-01
双月,5,糖,4,酮凝集,3,转质盐聚块,7,环烃聚质,12,2024-03-07
可颂,5,聚酸酯,4,糖,3,RMA70-24,8,全新装置,8,2019-04-30
吽,5,聚酸酯,5,装置,2,炽合金块,7,酮凝集组,15,2020-01-16
和弦,5,装置,3,聚酸酯,3,RMA70-24,6,异铁组,15,2022-12-15
哈洛德,5,糖,5,装置,2,转质盐聚块,8,固源岩组,14,2023-12-05
四月,5,异铁,4,酮凝集,2,聚合凝胶,9,RMA70-12,9,2020-09-24
因陀罗,5,酮凝集,4,装置,2,酮阵列,7,聚酸酯组,16,2019-04-30
图耶,5,酮凝集,4,装置,2,酮阵列,7,扭转醇,15,2021-01-19
埃拉托,5,酮凝集,4,装置,2,改量装置,5,RMA70-12,11,2022-05-19
夏栎,5,酮凝集,4,固源岩,4,异铁块,6,轻锰矿,13,2022-02-15
夜半,5,异铁,4,装置,2,炽合金块,8,扭转醇,15,2022-01-25
夜魔,5,固源岩,7,异铁,3,糖聚块,7,轻锰矿,14,2019-05-30
天火,5,糖,4,酮凝集,3,聚酸酯块,7,研磨石,13,2019-04-30
奥斯塔,5,装置,3,固源岩,4,异铁块,7,炽合金,10,2020-10-15
奥达,5,装置,3,聚酸酯,3,三水锰矿,7,褐素纤维,13,2024-04-11
子月,5,异铁,4,固源岩,3,精炼溶剂,8,酮凝集组,13,2022-11-01
守林人,5,装置,3,酮凝集,2,聚酸酯块,7,扭转醇,15,2019-04-30
安哲拉,5,固源岩,8,糖,2,五水研磨石,8,RMA70-12,8,2020-08-11
寒檀,5,酮凝集,4,固源岩,4,白马醇,8,聚酸酯组,17,2023-07-06
寒芒克洛丝,5,聚酸酯,5,酮凝集,2,晶体电路,7,异铁组,10,2022-01-25
导火索,5,异铁,4,固源岩,3,炽合金块,8,糖组,16,2024-03-07
小满,5,酮凝集,4,聚酸酯,3,晶体电路,7,化合切削液,11,2024-02-01
崖心,5,固源岩,6,聚酸酯,3,异铁块,6,轻锰矿,13,2019-04-30
巫恋,5,糖,5,固源岩,3,提纯源岩,8,炽合金,17,2020-04-21
布洛卡,5,装置,4,异铁,4,糖聚块,7,研磨石,13,2019-12-10
幽灵鲨,5,固源岩,6,酮凝集,3,白马醇,8,酮凝集组,15,2019-04-30
微风,5,装置,3,固源岩,4,改量装置,5,扭转醇,18,2019-11-01
德克萨斯,5,聚酸酯,5,异铁,3,聚酸酯块,8,固源岩组,16,2019-04-30
惊蛰,5,装置,3,聚酸酯,3,RMA70-24,7,凝胶,13,2020-02-25
慑砂,5,酮凝集,4,糖,2,五水研磨石,8,固源岩组,18,2020-03-17
战车,5,异铁,4,糖,3,RMA70-24,7,凝胶,12,2021-03-09
截云,5,聚酸酯,4,糖,3,酮阵列,7,RMA70-12,11,2023-01-17
戴菲恩,5,装置,3,固源岩,4,环烃预制体,8,半自然溶剂,10,2023-10-08
承曦格雷伊,5,糖,5,装置,2,五水研磨石,7,炽合金,16,2022-07-05
折光,5,固源岩,6,酮凝集,3,环烃预制体,7,轻锰矿,15,2023-11-01
拉普兰德,5,装置,3,固源岩,4,改量装置,6,异铁组,10,2019-04-30
拜松,5,聚酸酯,5,固源岩,4,五水研磨石,7,RMA70-12,11,2019-11-19
掠风,5,异铁,4,酮凝集,2,酮阵列,7,研磨石,11,2022-05-01
摩根,5,固源岩,6,聚酸酯,3,切削原液,8,转质盐组,11,2023-04-06
断崖,5,糖,4,异铁,3,异铁块,6,凝胶,12,2020-07-09
明椒,5,糖,4,酮凝集,3,提纯源岩,8,全新装置,12,2022-10-11
星极,5,聚酸酯,5,异铁,3,聚酸酯块,7,异铁组,14,2019-09-10
星源,5,聚酸酯,5,固源岩,4,RMA70-24,7,凝胶,10,2022-07-05
晓歌,5,酮凝集,4,聚酸酯,3,炽合金块,7,扭转醇,18,2022-08-11
普罗旺斯,5,酮凝集,4,异铁,3,糖聚块,9,全新装置,7,2019-04-30
暮落,5,聚酸酯,5,酮凝集,2,RMA70-24,7,凝胶,11,2022-01-05
暴行,5,糖,4,聚酸酯,3,提纯源岩,9,糖组,18,2019-04-30
暴雨,5,装置,4,异铁,4,提纯源岩,9,异铁组,14,2021-04-15
月禾,5,装置,3,酮凝集,2,白马醇,8,研磨石,12,2020-06-02
杏仁,5,聚酸酯,5,异铁,3,异铁块,6,轻锰矿,13,2023-09-05
极光,5,装置,3,酮凝集,2,白马醇,9,固源岩组,19,2021-12-21
极境,5,聚酸酯,4,糖,3,炽合金块,7,酮凝集组,16,2020-05-01
柏喙,5,异铁,4,固源岩,3,三水锰矿,8,RMA70-12,8,2020-03-17
格劳克斯,5,酮凝集,4,装置,2,酮阵列,7,全新装置,10,2019-08-27
格拉尼,5,固源岩,8,糖,8,RMA70-24,7,异铁组,13,2019-05-30
桑葚,5,装置,3,聚酸酯,3,提纯源岩,9,半自然溶剂,12,2021-09-17
梅尔,5,聚酸酯,5,装置,2,异铁块,6,RMA70-12,11,2019-04-30
森西,5,糖,4,聚酸酯,3,环烃预制体,7,聚酸酯组,14,2024-09-02
槐琥,5,异铁,4,糖,3,RMA70-24,7,固源岩组,16,2019-11-19
波卜,5,酮凝集,4,装置,2,切削原液,7,半自然溶剂,13,2024-10-09
洋灰,5,装置,3,酮凝集,2,三水锰矿,7,研磨石,13,2023-04-06
洛洛,5,糖,4,聚酸酯,3,切削原液,7,酮凝集组,14,2022-04-14
海沫,5,固源岩,7,异铁,3,提纯源岩,9,半自然溶剂,13,2022-09-27
海蒂,5,聚酸酯,5,异铁,3,精炼溶剂,9,全新装置,7,2022-04-14
海霓,5,糖,4,异铁,3,RMA70-24,6,轻锰矿,16,2024-06-05
深巡,5,聚酸酯,5,酮凝集,2,炽合金块,8,褐素纤维,9,2024-06-05
深律,5,固源岩,6,酮凝集,3,环烃预制体,7,轻锰矿,15,2023-11-01
渡桥,5,异铁,4,装置,2,晶体电路,6,异铁组,12,2024-07-09
温米,5,异铁,4,糖,3,五水研磨石,6,晶体元件,19,2024-01-09
濯尘芙蓉,5,装置,3,固源岩,4,白马醇,9,固源岩组,18,2022-06-09
火哨,5,糖,5,固源岩,3,五水研磨石,7,凝胶,13,2023-01-17
火神,5,异铁,4,聚酸酯,3,提纯源岩,8,酮凝集组,15,2019-04-30
火龙S黑角,5,酮凝集,4,异铁,3,转质盐聚块,8,晶体元件,11,2023-03-07
灰喉,5,固源岩,7,异铁,3,异铁块,7,全新装置,9,2019-12-24
灰毫,5,固源岩,7,装置,2,聚合凝胶,8,化合切削液,13,2021-10-15
炎客,5,固源岩,6,酮凝集,3,白马醇,9,轻锰矿,13,2019-10-15
炎狱炎熔,5,固源岩,6,酮凝集,3,白马醇,8,研磨石,13,2021-02-05
烈夏,5,聚酸酯,5,固源岩,4,异铁块,7,炽合金,10,2023-12-05
熔泉,5,酮凝集,4,聚酸酯,3,晶体电路,10,炽合金,10,2021-04-15
燧石,5,聚酸酯,5,异铁,3,提纯源岩,8,研磨石,15,2020-08-25
爱丽丝,5,异铁,4,酮凝集,2,异铁块,6,全新装置,11,2021-01-05
特米米,5,糖,4,聚酸酯,3,RMA70-24,8,固源岩组,14,2020-08-25
狮蝎,5,酮凝集,4,固源岩,4,三水锰矿,8,糖组,12,2019-04-30
玫拉,5,糖,4,异铁,3,精炼溶剂,8,扭转醇,15,2023-05-01
白金,5,异铁,4,糖,3,五水研磨石,8,扭转醇,15,2019-04-30
白面鸮,5,固源岩,8,糖,2,提纯源岩,9,研磨石,10,2019-04-30
真理,5,聚酸酯,5,酮凝集,2,改量装置,5,RMA70-12,9,2019-04-30
石棉,5,酮凝集,4,异铁,3,改量装置,6,轻锰矿,10,2020-06-02
稀音,5,酮凝集,4,固源岩,4,白马醇,9,轻锰矿,12,2020-07-28
空,5,异铁,4,装置,2,白马醇,9,固源岩组,17,2019-04-30
空构,5,聚酸酯,5,酮凝集,2,晶体电路,7,化合切削液,9,2023-06-08
絮雨,5,固源岩,8,糖,2,提纯源岩,9,晶体元件,13,2020-11-01
红,5,固源岩,7,装置,2,三水锰矿,7,异铁组,14,2019-04-30
红隼,5,固源岩,7,异铁,3,精炼溶剂,7,聚酸酯组,18,2024-02-03
绮良,5,糖,4,酮凝集,3,炽合金块,7,全新装置,11,2021-06-01
罗宾,5,聚酸酯,5,异铁,3,炽合金块,8,酮凝集组,11,2020-12-17
羽毛笔,5,异铁,4,固源岩,3,酮阵列,7,轻锰矿,13,2021-08-03
耶拉,5,糖,4,异铁,3,五水研磨石,8,炽合金,13,2021-12-21
至简,5,异铁,4,糖,3,晶体电路,6,异铁组,12,2022-08-11
芙兰卡,5,异铁,4,酮凝集,2,异铁块,6,糖组,18,2019-04-30
苇草,5,酮凝集,4,聚酸酯,3,提纯源岩,9,轻锰矿,12,2019-12-10
苍苔,5,糖,4,聚酸酯,3,精炼溶剂,7,酮凝集组,15,2023-08-01
苦艾,5,固源岩,6,聚酸酯,3,提纯源岩,10,炽合金,10,2020-06-18
莎草,5,装置,3,糖,3,三水锰矿,7,研磨石,13,2024-08-01
莱恩哈特,5,异铁,4,聚酸酯,3,酮阵列,7,扭转醇,15,2020-06-18
莱欧斯,5,聚酸酯,5,异铁,3,异铁块,7,转质盐组,10,2024-09-02
蓝毒,5,聚酸酯,5,固源岩,4,三水锰矿,8,全新装置,8,2019-04-30
薄绿,5,酮凝集,4,装置,2,炽合金块,9,固源岩组,14,2020-09-24
蚀清,5,酮凝集,4,异铁,3,改量装置,5,RMA70-12,10,2021-11-01
蜜莓,5,聚酸酯,4,糖,3,精炼溶剂,7,全新装置,12,2021-11-01
蜜蜡,5,异铁,4,装置,2,改量装置,5,扭转醇,18,2020-07-28
衡沙,5,固源岩,8,糖,2,转质盐聚块,9,炽合金,12,2024-08-01
见行者,5,固源岩,8,糖,2,聚合凝胶,8,化合切削液,12,2022-03-15
诗怀雅,5,糖,5,装置,2,糖聚块,7,聚酸酯组,17,2019-07-09
谜图,5,固源岩,7,装置,2,改量装置,5,半自然溶剂,13,2022-12-15
贝娜,5,聚酸酯,5,装置,2,异铁块,6,扭转醇,15,2021-06-01
贾维,5,装置,3,糖,3,三水锰矿,7,研磨石,13,2020-07-28
赤冬,5,固源岩,7,异铁,3,聚合凝胶,8,酮凝集组,15,2021-05-01
赫默,5,异铁,4,固源岩,3,酮阵列,7,固源岩组,18,2019-04-30
车尔尼,5,固源岩,6,酮凝集,3,三水锰矿,8,晶体元件,11,2022-06-09
达格达,5,聚酸酯,5,装置,2,炽合金块,7,固源岩组,21,2022-10-11
送葬人,5,糖,5,装置,2,三水锰矿,8,研磨石,9,2019-10-15
野鬃,5,糖,5,固源岩,3,切削原液,8,酮凝集组,11,2021-11-01
铎铃,5,异铁,4,聚酸酯,3,切削原液,7,炽合金,16,2023-02-14
铸铁,5,固源岩,7,装置,2,聚合凝胶,9,异铁组,13,2020-04-21
锡人,5,酮凝集,4,固源岩,4,酮阵列,7,固源岩组,18,2024-07-16
锡兰,5,异铁,4,酮凝集,2,异铁块,7,酮凝集组,10,2019-08-27
闪击,5,糖,5,装置,2,三水锰矿,8,RMA70-12,8,2021-03-09
阿米娅,5,装置,4,异铁,4,提纯源岩,10,扭转醇,10,2019-04-30
阿罗玛,5,酮凝集,4,糖,2,RMA70-24,7,扭转醇,21,2024-04-11
陨星,5,酮凝集,4,聚酸酯,3,RMA70-24,7,轻锰矿,14,2019-04-30
隐现,5,异铁,4,装置,2,聚合凝胶,9,糖组,15,2023-06-08
雪绒,5,酮凝集,4,糖,2,异铁块,7,轻锰矿,12,2022-11-01
雪雉,5,糖,4,酮凝集,3,聚合凝胶,8,异铁组,15,2020-01-09
雷蛇,5,糖,5,固源岩,3,五水研磨石,7,酮凝集组,15,2019-04-30
霜华,5,聚酸酯,5,固源岩,4,五水研磨石,8,固源岩组,17,2021-03-09
青枳,5,固源岩,8,糖,2,炽合金块,8,固源岩组,18,2023-08-01
鞭刃,5,固源岩,6,酮凝集,3,酮阵列,7,凝胶,12,2020-10-15
风丸,5,装置,3,糖,3,提纯源岩,9,半自然溶剂,13,2022-03-15
食铁兽,5,装置,3,糖,3,五水研磨石,8,聚酸酯组,15,2019-04-30
齐尔查克,5,异铁,4,酮凝集,2,精炼溶剂,9,RMA70-12,7,2024-09-02
龙舌兰,5,酮凝集,4,糖,2,改量装置,5,研磨石,11,2021-08-03
伊桑,4,糖,1,异铁,1,糖组,17,固源岩组,14,2019-11-01
休谟斯,4,固源岩,1,装置,1,RMA70-12,11,糖组,12,2023-04-06
刻刀,4,聚酸酯,1,酮凝集,1,凝胶,12,轻锰矿,11,2020-04-21
卡达,4,异铁,1,酮凝集,1,轻锰矿,15,异铁组,9,2020-07-09
古米,4,糖,1,酮凝集,1,RMA70-12,13,轻锰矿,7,2019-04-30
嘉维尔,4,异铁,1,糖,1,全新装置,13,异铁组,6,2019-04-30
地灵,4,异铁,1,固源岩,1,糖组,20,研磨石,7,2019-04-30
坚雷,4,固源岩,1,聚酸酯,1,固源岩组,19,RMA70-12,8,2019-10-01
夜烟,4,固源岩,1,聚酸酯,1,固源岩组,19,RMA70-12,8,2019-04-30
孑,4,酮凝集,1,装置,1,研磨石,14,酮凝集组,8,2020-08-11
安比尔,4,酮凝集,1,固源岩,1,异铁组,16,RMA70-12,6,2019-12-24
宴,4,装置,1,糖,1,酮凝集组,14,固源岩组,14,2020-03-17
布丁,4,糖,1,酮凝集,1,RMA70-12,11,切削原液,3,2021-11-01
慕斯,4,酮凝集,1,装置,1,固源岩组,20,研磨石,8,2019-04-30
断罪者,4,糖,1,聚酸酯,1,全新装置,11,凝胶,9,2020-04-01
暗索,4,糖,1,装置,1,异铁组,15,糖组,11,2019-04-30
末药,4,聚酸酯,1,固源岩,1,酮凝集组,14,聚酸酯组,12,2019-04-30
杜宾,4,糖,1,聚酸酯,1,轻锰矿,15,扭转醇,11,2019-04-30
杰克,4,聚酸酯,1,固源岩,1,固源岩组,19,扭转醇,12,2020-11-01
杰西卡,4,聚酸酯,1,糖,1,扭转醇,20,异铁组,7,2019-04-30
松果,4,酮凝集,1,聚酸酯,1,炽合金,16,研磨石,8,2020-12-17
格雷伊,4,异铁,1,聚酸酯,1,轻锰矿,15,酮凝集组,9,2019-07-09
桃金娘,4,酮凝集,1,异铁,1,研磨石,12,全新装置,8,2019-09-10
梅,4,异铁,1,装置,1,异铁组,14,聚酸酯组,12,2019-11-19
泡泡,4,糖,1,装置,1,凝胶,16,扭转醇,8,2020-10-15
波登可,4,聚酸酯,1,异铁,1,炽合金,19,研磨石,5,2020-06-18
流星,4,异铁,1,装置,1,异铁组,14,聚酸酯组,12,2019-04-30
深海色,4,聚酸酯,1,装置,1,固源岩组,20,轻锰矿,9,2019-04-30
深靛,4,装置,1,异铁,1,异铁组,14,RMA70-12,7,2021-06-01
清流,4,固源岩,1,糖,1,全新装置,11,凝胶,9,2020-03-03
清道夫,4,固源岩,1,糖,1,扭转醇,20,全新装置,6,2019-04-30
猎蜂,4,装置,1,固源岩,1,糖组,19,RMA70-12,7,2019-05-30
白雪,4,酮凝集,1,固源岩,1,酮凝集组,15,异铁组,9,2019-04-30
石英,4,装置,1,聚酸酯,1,异铁组,15,炽合金,9,2022-11-01
砾,4,固源岩,1,酮凝集,1,聚酸酯组,18,固源岩组,13,2019-04-30
红云,4,聚酸酯,1,酮凝集,1,聚酸酯组,18,糖组,12,2019-10-15
红豆,4,装置,1,聚酸酯,1,异铁组,16,固源岩组,11,2019-04-30
维荻,4,糖,1,固源岩,1,异铁组,15,褐素纤维,9,2023-10-08
缠丸,4,固源岩,1,装置,1,酮凝集组,16,糖组,10,2019-04-30
罗小黑,4,异铁,1,固源岩,1,轻锰矿,15,异铁组,9,2022-09-15
罗比菈塔,4,固源岩,1,异铁,1,半自然溶剂,14,全新装置,7,2021-09-17
艾丝黛尔,4,异铁,1,酮凝集,1,RMA70-12,12,研磨石,8,2019-04-30
芳汀,4,固源岩,1,酮凝集,1,固源岩组,21,全新装置,7,2020-09-24
苏苏洛,4,装置,1,酮凝集,1,RMA70-12,10,扭转醇,13,2019-08-27
蛇屠箱,4,固源岩,1,异铁,1,研磨石,14,扭转醇,10,2019-04-30
褐果,4,聚酸酯,1,装置,1,扭转醇,20,炽合金,8,2022-04-14
角峰,4,装置,1,异铁,1,轻锰矿,14,全新装置,7,2019-04-30
讯使,4,装置,1,糖,1,全新装置,11,酮凝集组,10,2019-04-30
调香师,4,酮凝集,1,聚酸酯,1,扭转醇,19,酮凝集组,8,2019-04-30
豆苗,4,异铁,1,糖,1,凝胶,13,轻锰矿,10,2021-01-05
跃跃,4,聚酸酯,1,糖,1,全新装置,11,环烃聚质,7,2023-11-01
远山,4,糖,1,异铁,1,糖组,17,固源岩组,14,2019-04-30
酸糖,4,装置,1,固源岩,1,RMA70-12,10,全新装置,8,2020-08-25
铅踝,4,酮凝集,1,糖,1,固源岩组,24,凝胶,6,2022-10-11
阿消,4,糖,1,固源岩,1,全新装置,12,聚酸酯组,11,2019-04-30
霜叶,4,聚酸酯,1,异铁,1,研磨石,15,轻锰矿,7,2019-04-30
露托,4,异铁,1,聚酸酯,1,半自然溶剂,14,全新装置,7,2024-04-11
艾丽妮,6,聚酸酯,8,异铁,4,双极纳米片,4,RMA70-24,7,2022-05-01
